OTUId,Kingdom,Phylum,Class,Order,Family,Genus,Species
Otu1,Bacteria,Bacteroidetes,Bacteroidia,Bacteroidales,Prevotellaceae,Prevotella,Prevotella_copri
Otu3,Bacteria,Bacteroidetes,Bacteroidia,Bacteroidales,Bacteroidaceae,Bacteroides,Bacteroides_plebeius
Otu2,Bacteria,Bacteroidetes,Bacteroidia,Bacteroidales,Bacteroidaceae,Bacteroides,unassigned
Otu4,Bacteria,Firmicutes,Clostridia,Clostridiales,Ruminococcaceae,Faecalibacterium,Faecalibacterium_prausnitzii
Otu5,Bacteria,Bacteroidetes,Bacteroidia,Bacteroidales,Prevotellaceae,Prevotella,Prevotella_copri
Otu6,Bacteria,Firmicutes,Clostridia,Clostridiales,Ruminococcaceae,Faecalibacterium,Faecalibacterium_prausnitzii
Otu8,Bacteria,Bacteroidetes,Bacteroidia,Bacteroidales,Prevotellaceae,Prevotella,Prevotella_copri
Otu7,Bacteria,Proteobacteria,Gammaproteobacteria,Enterobacteriales,Enterobacteriaceae,Escherichia/Shigella,Escherichia_fergusonii
Otu10,Bacteria,Bacteroidetes,Bacteroidia,Bacteroidales,Bacteroidaceae,Bacteroides,unassigned
Otu9,Bacteria,Firmicutes,Clostridia,Clostridiales,Lachnospiraceae,unassigned,unassigned
Otu11,Bacteria,Fusobacteria,Fusobacteriia,Fusobacteriales,Fusobacteriaceae,Fusobacterium,unassigned
Otu13,Bacteria,Bacteroidetes,Bacteroidia,Bacteroidales,Bacteroidaceae,Bacteroides,Bacteroides_dorei
Otu12,Bacteria,Firmicutes,Clostridia,Clostridiales,Lachnospiraceae,Roseburia,Roseburia_inulinivorans
Otu15,Bacteria,Bacteroidetes,Bacteroidia,Bacteroidales,Bacteroidaceae,Bacteroides,unassigned
Otu14,Bacteria,Firmicutes,Clostridia,Clostridiales,Lachnospiraceae,unassigned,unassigned
Otu16,Bacteria,Bacteroidetes,Bacteroidia,Bacteroidales,Bacteroidaceae,Bacteroides,Bacteroides_coprocola
Otu18,Bacteria,Bacteroidetes,Bacteroidia,Bacteroidales,Prevotellaceae,Prevotella,Prevotella_copri
Otu17,Bacteria,Bacteroidetes,Bacteroidia,Bacteroidales,Bacteroidaceae,Bacteroides,Bacteroides_uniformis
Otu19,Bacteria,Firmicutes,Clostridia,Clostridiales,Ruminococcaceae,Faecalibacterium,Faecalibacterium_prausnitzii
Otu20,Bacteria,Firmicutes,Clostridia,Clostridiales,Lachnospiraceae,Lachnospiracea_incertae_sedis,Ruminococcus_gnavus
Otu22,Bacteria,Bacteroidetes,Bacteroidia,Bacteroidales,Bacteroidaceae,Bacteroides,Bacteroides_stercoris
Otu21,Bacteria,Firmicutes,Clostridia,Clostridiales,Lachnospiraceae,Roseburia,Roseburia_faecis
Otu23,Bacteria,Bacteroidetes,Bacteroidia,Bacteroidales,Bacteroidaceae,Bacteroides,Bacteroides_stercoris
Otu24,Bacteria,Bacteroidetes,Bacteroidia,Bacteroidales,Bacteroidaceae,Bacteroides,Bacteroides_plebeius
Otu25,Bacteria,Firmicutes,Clostridia,Clostridiales,Lachnospiraceae,Roseburia,unassigned
Otu26,Bacteria,Firmicutes,Negativicutes,Selenomonadales,Acidaminococcaceae,Phascolarctobacterium,Phascolarctobacterium_faecium
Otu28,Bacteria,Bacteroidetes,Bacteroidia,Bacteroidales,Prevotellaceae,Prevotella,Prevotella_copri
Otu27,Bacteria,Firmicutes,Clostridia,Clostridiales,Ruminococcaceae,Faecalibacterium,Faecalibacterium_prausnitzii
Otu30,Bacteria,Bacteroidetes,Bacteroidia,Bacteroidales,Bacteroidaceae,Bacteroides,Bacteroides_coprocola
Otu31,Bacteria,Bacteroidetes,Bacteroidia,Bacteroidales,Prevotellaceae,Prevotella,Prevotella_copri
Otu29,Bacteria,Bacteroidetes,Bacteroidia,Bacteroidales,Prevotellaceae,Prevotella,Prevotella_copri
Otu32,Bacteria,Firmicutes,Clostridia,Clostridiales,Ruminococcaceae,unassigned,unassigned
Otu34,Bacteria,Bacteroidetes,Bacteroidia,Bacteroidales,Prevotellaceae,Prevotella,Prevotella_copri
Otu33,Bacteria,Firmicutes,Clostridia,Clostridiales,Lachnospiraceae,Clostridium_XlVa,unassigned
Otu36,Bacteria,Bacteroidetes,Bacteroidia,Bacteroidales,Bacteroidaceae,Bacteroides,Bacteroides_thetaiotaomicron
Otu35,Bacteria,Firmicutes,Clostridia,Clostridiales,Lachnospiraceae,unassigned,unassigned
Otu37,Bacteria,Bacteroidetes,Bacteroidia,Bacteroidales,Bacteroidaceae,Bacteroides,Bacteroides_xylanisolvens
Otu38,Bacteria,Bacteroidetes,Bacteroidia,Bacteroidales,Porphyromonadaceae,Parabacteroides,Parabacteroides_merdae
Otu39,Bacteria,Bacteroidetes,Bacteroidia,Bacteroidales,Bacteroidaceae,Bacteroides,Bacteroides_plebeius
Otu40,Bacteria,Bacteroidetes,Bacteroidia,Bacteroidales,Prevotellaceae,Prevotella,Prevotella_copri
Otu41,Bacteria,Firmicutes,Clostridia,Clostridiales,Lachnospiraceae,unassigned,unassigned
Otu43,Bacteria,Bacteroidetes,Bacteroidia,Bacteroidales,Bacteroidaceae,Bacteroides,Bacteroides_uniformis
Otu42,Bacteria,Firmicutes,Clostridia,Clostridiales,Lachnospiraceae,unassigned,unassigned
Otu44,Bacteria,Firmicutes,Clostridia,Clostridiales,Lachnospiraceae,Blautia,Blautia_wexlerae
Otu47,Bacteria,Bacteroidetes,Bacteroidia,Bacteroidales,Prevotellaceae,Prevotella,Prevotella_copri
Otu45,Bacteria,Firmicutes,Negativicutes,Selenomonadales,Veillonellaceae,Megamonas,Megamonas_funiformis
Otu46,Bacteria,Firmicutes,Clostridia,Clostridiales,Lachnospiraceae,Lachnospiracea_incertae_sedis,Eubacterium_eligens
Otu48,Bacteria,Firmicutes,Clostridia,Clostridiales,Lachnospiraceae,Fusicatenibacter,Fusicatenibacter_saccharivorans
Otu49,Bacteria,Firmicutes,Clostridia,Clostridiales,Ruminococcaceae,Gemmiger,Gemmiger_formicilis
Otu51,Bacteria,Bacteroidetes,Bacteroidia,Bacteroidales,Rikenellaceae,Alistipes,unassigned
Otu50,Bacteria,Bacteroidetes,Bacteroidia,Bacteroidales,Prevotellaceae,Prevotella,Prevotella_copri
Otu52,Bacteria,Bacteroidetes,Bacteroidia,Bacteroidales,Bacteroidaceae,Bacteroides,Bacteroides_coprophilus
Otu53,Bacteria,Firmicutes,Clostridia,Clostridiales,Lachnospiraceae,Ruminococcus2,Ruminococcus_torques
Otu54,Bacteria,Firmicutes,Clostridia,Clostridiales,Lachnospiraceae,Lachnospiracea_incertae_sedis,Eubacterium_eligens
Otu56,Bacteria,Firmicutes,Clostridia,Clostridiales,Lachnospiraceae,Clostridium_XlVa,unassigned
Otu57,Bacteria,Bacteroidetes,Bacteroidia,Bacteroidales,Bacteroidaceae,Bacteroides,Bacteroides_massiliensis
Otu58,Bacteria,Firmicutes,Negativicutes,Selenomonadales,Veillonellaceae,Megamonas,unassigned
Otu55,Bacteria,Firmicutes,Clostridia,Clostridiales,unassigned,unassigned,unassigned
Otu59,Bacteria,Bacteroidetes,Bacteroidia,Bacteroidales,Bacteroidaceae,Bacteroides,Bacteroides_massiliensis
Otu60,Bacteria,Bacteroidetes,Bacteroidia,Bacteroidales,Bacteroidaceae,Bacteroides,Bacteroides_fragilis
Otu61,Bacteria,Firmicutes,Clostridia,Clostridiales,Lachnospiraceae,Clostridium_XlVa,Clostridium_bolteae
Otu63,Bacteria,Bacteroidetes,Bacteroidia,Bacteroidales,Bacteroidaceae,Bacteroides,Bacteroides_fragilis
Otu64,Bacteria,Firmicutes,Clostridia,Clostridiales,Ruminococcaceae,Gemmiger,Gemmiger_formicilis
Otu67,Bacteria,Bacteroidetes,Bacteroidia,Bacteroidales,Bacteroidaceae,Bacteroides,Bacteroides_massiliensis
Otu65,Bacteria,Firmicutes,Clostridia,Clostridiales,unassigned,unassigned,unassigned
Otu66,Bacteria,Bacteroidetes,Bacteroidia,Bacteroidales,Prevotellaceae,Prevotella,Prevotella_copri
Otu62,Bacteria,Firmicutes,Clostridia,Clostridiales,Lachnospiraceae,unassigned,unassigned
Otu68,Bacteria,Bacteroidetes,Bacteroidia,Bacteroidales,Bacteroidaceae,Bacteroides,Bacteroides_ovatus
Otu69,Bacteria,Bacteroidetes,Bacteroidia,Bacteroidales,Prevotellaceae,Prevotella,Prevotella_stercorea
Otu70,Bacteria,Verrucomicrobia,Verrucomicrobiae,Verrucomicrobiales,Verrucomicrobiaceae,Akkermansia,Akkermansia_muciniphila
Otu71,Bacteria,Bacteroidetes,Bacteroidia,Bacteroidales,Bacteroidaceae,Bacteroides,Bacteroides_uniformis
Otu72,Bacteria,Fusobacteria,Fusobacteriia,Fusobacteriales,Fusobacteriaceae,Fusobacterium,Fusobacterium_necrogenes
Otu73,Bacteria,Bacteroidetes,Bacteroidia,Bacteroidales,Bacteroidaceae,Bacteroides,Bacteroides_massiliensis
Otu74,Bacteria,Bacteroidetes,Bacteroidia,Bacteroidales,Bacteroidaceae,Bacteroides,Bacteroides_caccae
Otu76,Bacteria,Firmicutes,Negativicutes,Selenomonadales,Veillonellaceae,Megamonas,Megamonas_funiformis
Otu77,Bacteria,Firmicutes,Clostridia,Clostridiales,Lachnospiraceae,unassigned,unassigned
Otu78,Bacteria,Bacteroidetes,Bacteroidia,Bacteroidales,Prevotellaceae,Prevotella,Prevotella_copri
Otu75,Bacteria,Firmicutes,Clostridia,Clostridiales,Lachnospiraceae,Roseburia,Roseburia_hominis
Otu79,Bacteria,Firmicutes,Clostridia,Clostridiales,Ruminococcaceae,unassigned,unassigned
Otu81,Bacteria,Bacteroidetes,Bacteroidia,Bacteroidales,Bacteroidaceae,Bacteroides,Bacteroides_caccae
Otu80,Bacteria,Firmicutes,Clostridia,Clostridiales,Ruminococcaceae,Ruminococcus,unassigned
Otu82,Bacteria,Firmicutes,Clostridia,Clostridiales,Ruminococcaceae,Ruminococcus,Ruminococcus_bromii
Otu84,Bacteria,Bacteroidetes,Bacteroidia,Bacteroidales,Prevotellaceae,Prevotella,Prevotella_copri
Otu83,Bacteria,Proteobacteria,Gammaproteobacteria,Enterobacteriales,Enterobacteriaceae,unassigned,unassigned
Otu86,Bacteria,Proteobacteria,Gammaproteobacteria,Enterobacteriales,Enterobacteriaceae,unassigned,unassigned
Otu85,Bacteria,Firmicutes,Negativicutes,Selenomonadales,Veillonellaceae,Dialister,Dialister_succinatiphilus
Otu87,Bacteria,Firmicutes,Clostridia,Clostridiales,Peptostreptococcaceae,Romboutsia,Romboutsia_sedimentorum
Otu88,Bacteria,Firmicutes,Clostridia,Clostridiales,Lachnospiraceae,Ruminococcus2,Ruminococcus_faecis
Otu89,Bacteria,Bacteroidetes,Bacteroidia,Bacteroidales,Bacteroidaceae,Bacteroides,Bacteroides_xylanisolvens
Otu90,Bacteria,Firmicutes,Clostridia,Clostridiales,Lachnospiraceae,unassigned,unassigned
Otu92,Bacteria,Bacteroidetes,Bacteroidia,Bacteroidales,Bacteroidaceae,Bacteroides,Bacteroides_stercoris
Otu91,Bacteria,Firmicutes,Negativicutes,Selenomonadales,Veillonellaceae,Dialister,Dialister_invisus
Otu93,Bacteria,Firmicutes,Negativicutes,Selenomonadales,Veillonellaceae,Megamonas,Megamonas_funiformis
Otu94,Bacteria,Bacteroidetes,Bacteroidia,Bacteroidales,Porphyromonadaceae,Parabacteroides,Parabacteroides_distasonis
Otu95,Bacteria,Firmicutes,Clostridia,Clostridiales,Lachnospiraceae,unassigned,unassigned
Otu96,Bacteria,Firmicutes,Clostridia,Clostridiales,Ruminococcaceae,unassigned,unassigned
Otu97,Bacteria,Proteobacteria,Betaproteobacteria,Burkholderiales,unassigned,unassigned,unassigned
Otu98,Bacteria,Firmicutes,Clostridia,Clostridiales,Ruminococcaceae,Ruminococcus,Ruminococcus_bromii
Otu101,Bacteria,Bacteroidetes,Bacteroidia,Bacteroidales,Bacteroidaceae,Bacteroides,unassigned
Otu99,Bacteria,Firmicutes,Clostridia,Clostridiales,Ruminococcaceae,unassigned,unassigned
Otu100,Bacteria,Firmicutes,Clostridia,Clostridiales,Lachnospiraceae,unassigned,unassigned
Otu102,Bacteria,Bacteroidetes,Bacteroidia,Bacteroidales,Bacteroidaceae,Bacteroides,unassigned
Otu103,Bacteria,Bacteroidetes,Bacteroidia,Bacteroidales,Bacteroidaceae,Bacteroides,unassigned
Otu104,Bacteria,Bacteroidetes,Bacteroidia,Bacteroidales,Prevotellaceae,Prevotella,Prevotella_copri
Otu105,Bacteria,Firmicutes,Clostridia,Clostridiales,Lachnospiraceae,Lachnospiracea_incertae_sedis,Eubacterium_eligens
Otu108,Bacteria,Bacteroidetes,Bacteroidia,Bacteroidales,Prevotellaceae,Prevotella,Prevotella_copri
Otu106,Bacteria,Firmicutes,Clostridia,Clostridiales,Clostridiaceae_1,Clostridium_sensu_stricto,unassigned
Otu107,Bacteria,Firmicutes,Clostridia,Clostridiales,Lachnospiraceae,unassigned,unassigned
Otu109,Bacteria,Bacteroidetes,Bacteroidia,Bacteroidales,Prevotellaceae,unassigned,unassigned
Otu112,Bacteria,Bacteroidetes,Bacteroidia,Bacteroidales,Bacteroidaceae,Bacteroides,Bacteroides_ovatus
Otu110,Bacteria,Proteobacteria,Gammaproteobacteria,Enterobacteriales,Enterobacteriaceae,unassigned,unassigned
Otu111,Bacteria,Firmicutes,Clostridia,Clostridiales,Lachnospiraceae,Dorea,Dorea_longicatena
Otu113,Bacteria,Firmicutes,Clostridia,Clostridiales,Ruminococcaceae,Flavonifractor,Flavonifractor_plautii
Otu114,Bacteria,Bacteroidetes,Bacteroidia,Bacteroidales,Prevotellaceae,Paraprevotella,Paraprevotella_clara
Otu115,Bacteria,Bacteroidetes,Bacteroidia,Bacteroidales,Rikenellaceae,Alistipes,Alistipes_onderdonkii
Otu117,Bacteria,Bacteroidetes,Bacteroidia,Bacteroidales,Bacteroidaceae,Bacteroides,unassigned
Otu116,Bacteria,Firmicutes,Clostridia,Clostridiales,Ruminococcaceae,unassigned,unassigned
Otu118,Bacteria,Bacteroidetes,Bacteroidia,Bacteroidales,Prevotellaceae,Prevotella,Prevotella_copri
Otu120,Bacteria,Fusobacteria,Fusobacteriia,Fusobacteriales,Fusobacteriaceae,Fusobacterium,Fusobacterium_varium
Otu119,Bacteria,Proteobacteria,Gammaproteobacteria,Enterobacteriales,Enterobacteriaceae,unassigned,unassigned
Otu122,Bacteria,Firmicutes,Clostridia,Clostridiales,Lachnospiraceae,Coprococcus,Coprococcus_comes
Otu121,Bacteria,Actinobacteria,Actinobacteria,Bifidobacteriales,Bifidobacteriaceae,Bifidobacterium,unassigned
Otu123,Bacteria,Bacteroidetes,Bacteroidia,Bacteroidales,Prevotellaceae,Prevotella,Prevotella_copri
Otu124,Bacteria,Firmicutes,Clostridia,Clostridiales,Ruminococcaceae,Oscillibacter,unassigned
Otu126,Bacteria,Bacteroidetes,Bacteroidia,Bacteroidales,Bacteroidaceae,Bacteroides,Bacteroides_fragilis
Otu125,Bacteria,Proteobacteria,Betaproteobacteria,Burkholderiales,Sutterellaceae,Parasutterella,Parasutterella_excrementihominis
Otu127,Bacteria,Actinobacteria,Actinobacteria,Coriobacteriales,Coriobacteriaceae,Collinsella,unassigned
Otu128,Bacteria,Firmicutes,Negativicutes,Selenomonadales,Veillonellaceae,Megamonas,Megamonas_funiformis
Otu129,Bacteria,Bacteroidetes,Bacteroidia,Bacteroidales,Prevotellaceae,Prevotella,Prevotella_stercorea
Otu130,Bacteria,Firmicutes,Clostridia,Clostridiales,Ruminococcaceae,unassigned,unassigned
Otu131,Bacteria,Firmicutes,Clostridia,Clostridiales,Ruminococcaceae,Oscillibacter,unassigned
Otu134,Bacteria,Bacteroidetes,Bacteroidia,Bacteroidales,Bacteroidaceae,Bacteroides,unassigned
Otu133,Bacteria,Verrucomicrobia,Verrucomicrobiae,Verrucomicrobiales,Verrucomicrobiaceae,Akkermansia,Akkermansia_muciniphila
Otu132,Bacteria,Firmicutes,Clostridia,Clostridiales,unassigned,unassigned,unassigned
Otu135,Bacteria,Bacteroidetes,Bacteroidia,Bacteroidales,Bacteroidaceae,Bacteroides,unassigned
Otu136,Bacteria,Bacteroidetes,Bacteroidia,Bacteroidales,Prevotellaceae,Prevotella,Prevotella_copri
Otu138,Bacteria,Bacteroidetes,Bacteroidia,Bacteroidales,Bacteroidaceae,Bacteroides,Bacteroides_ovatus
Otu137,Bacteria,Firmicutes,Clostridia,Clostridiales,Lachnospiraceae,unassigned,unassigned
Otu140,Bacteria,Fusobacteria,Fusobacteriia,Fusobacteriales,Fusobacteriaceae,unassigned,unassigned
Otu139,Bacteria,Proteobacteria,Betaproteobacteria,Burkholderiales,Sutterellaceae,Sutterella,Sutterella_stercoricanis
Otu141,Bacteria,Bacteroidetes,Bacteroidia,Bacteroidales,Prevotellaceae,Prevotella,Prevotella_copri
Otu142,Bacteria,Firmicutes,Clostridia,Clostridiales,Lachnospiraceae,Blautia,Blautia_faecis
Otu144,Bacteria,Bacteroidetes,Bacteroidia,Bacteroidales,Bacteroidaceae,Bacteroides,Bacteroides_ovatus
Otu143,Bacteria,Firmicutes,Clostridia,Clostridiales,Eubacteriaceae,Eubacterium,Eubacterium_coprostanoligenes
Otu145,Bacteria,Firmicutes,Clostridia,Clostridiales,Lachnospiraceae,unassigned,unassigned
Otu146,Bacteria,Bacteroidetes,Bacteroidia,Bacteroidales,Prevotellaceae,Prevotella,Prevotella_copri
Otu147,Bacteria,Firmicutes,Clostridia,Clostridiales,Lachnospiraceae,Coprococcus,Coprococcus_eutactus
Otu148,Bacteria,Firmicutes,Erysipelotrichia,Erysipelotrichales,Erysipelotrichaceae,Clostridium_XVIII,unassigned
Otu149,Bacteria,Firmicutes,Clostridia,Clostridiales,unassigned,unassigned,unassigned
Otu150,Bacteria,Proteobacteria,Betaproteobacteria,Burkholderiales,Sutterellaceae,Parasutterella,Parasutterella_excrementihominis
Otu151,Bacteria,Bacteroidetes,Bacteroidia,Bacteroidales,Bacteroidaceae,Bacteroides,Bacteroides_plebeius
Otu152,Bacteria,Bacteroidetes,Bacteroidia,Bacteroidales,Bacteroidaceae,Bacteroides,Bacteroides_eggerthii
Otu153,Bacteria,Bacteroidetes,Bacteroidia,Bacteroidales,Bacteroidaceae,Bacteroides,unassigned
Otu154,Bacteria,Proteobacteria,Gammaproteobacteria,Pasteurellales,Pasteurellaceae,Haemophilus,Haemophilus_parainfluenzae
Otu156,Bacteria,Firmicutes,Clostridia,Clostridiales,Lachnospiraceae,unassigned,unassigned
Otu155,Bacteria,Proteobacteria,Deltaproteobacteria,Desulfovibrionales,Desulfovibrionaceae,Bilophila,Bilophila_wadsworthia
Otu157,Bacteria,Firmicutes,Clostridia,Clostridiales,Lachnospiraceae,Blautia,Ruminococcus_obeum
Otu159,Bacteria,Fusobacteria,Fusobacteriia,Fusobacteriales,Fusobacteriaceae,Fusobacterium,Fusobacterium_varium
Otu160,Bacteria,Bacteroidetes,Bacteroidia,Bacteroidales,Prevotellaceae,Prevotella,Prevotella_copri
Otu158,Bacteria,Firmicutes,Clostridia,Clostridiales,Ruminococcaceae,unassigned,unassigned
Otu161,Bacteria,Firmicutes,Clostridia,Clostridiales,Eubacteriaceae,Eubacterium,Eubacterium_coprostanoligenes
Otu162,Bacteria,Fusobacteria,Fusobacteriia,Fusobacteriales,Fusobacteriaceae,Fusobacterium,unassigned
Otu163,Bacteria,Firmicutes,Clostridia,Clostridiales,unassigned,unassigned,unassigned
Otu164,Bacteria,Bacteroidetes,Bacteroidia,Bacteroidales,Bacteroidaceae,Bacteroides,unassigned
Otu165,Bacteria,Firmicutes,Negativicutes,Selenomonadales,Acidaminococcaceae,Phascolarctobacterium,Phascolarctobacterium_succinatutens
Otu166,Bacteria,Proteobacteria,Betaproteobacteria,Burkholderiales,Sutterellaceae,Sutterella,unassigned
Otu167,Bacteria,Firmicutes,Clostridia,Clostridiales,Ruminococcaceae,Clostridium_IV,Eubacterium_siraeum
Otu168,Bacteria,Firmicutes,Clostridia,Clostridiales,Ruminococcaceae,unassigned,unassigned
Otu169,Bacteria,Bacteroidetes,Bacteroidia,Bacteroidales,Prevotellaceae,Prevotella,Prevotella_copri
Otu170,Bacteria,Bacteroidetes,Bacteroidia,Bacteroidales,Prevotellaceae,Prevotella,Prevotella_copri
Otu171,Bacteria,Firmicutes,Clostridia,Clostridiales,Ruminococcaceae,Gemmiger,Gemmiger_formicilis
Otu173,Bacteria,Bacteroidetes,Bacteroidia,Bacteroidales,Prevotellaceae,Prevotella,Prevotella_copri
Otu172,Bacteria,Firmicutes,Clostridia,Clostridiales,unassigned,unassigned,unassigned
Otu174,Bacteria,Firmicutes,Clostridia,Clostridiales,Lachnospiraceae,Lachnospiracea_incertae_sedis,Eubacterium_eligens
Otu175,Bacteria,Bacteroidetes,Bacteroidia,Bacteroidales,Bacteroidaceae,Bacteroides,Bacteroides_eggerthii
Otu176,Bacteria,Bacteroidetes,Bacteroidia,Bacteroidales,Prevotellaceae,Prevotella,Prevotella_copri
Otu178,Bacteria,Bacteroidetes,Bacteroidia,Bacteroidales,Prevotellaceae,Prevotella,Prevotella_copri
Otu177,Bacteria,Bacteroidetes,Bacteroidia,Bacteroidales,Porphyromonadaceae,Parabacteroides,Parabacteroides_distasonis
Otu179,Bacteria,Bacteroidetes,Bacteroidia,Bacteroidales,Porphyromonadaceae,unassigned,unassigned
Otu180,Bacteria,Proteobacteria,Gammaproteobacteria,Enterobacteriales,Enterobacteriaceae,unassigned,unassigned
Otu181,Bacteria,Firmicutes,Clostridia,Clostridiales,Lachnospiraceae,Clostridium_XlVa,unassigned
Otu182,Bacteria,Firmicutes,Clostridia,Clostridiales,Ruminococcaceae,unassigned,unassigned
Otu183,Bacteria,Firmicutes,Clostridia,Clostridiales,Lachnospiraceae,Coprococcus,Coprococcus_eutactus
Otu184,Bacteria,Firmicutes,Clostridia,Clostridiales,unassigned,unassigned,unassigned
Otu185,Bacteria,Firmicutes,Clostridia,Clostridiales,Ruminococcaceae,unassigned,unassigned
Otu187,Bacteria,Bacteroidetes,Bacteroidia,Bacteroidales,Prevotellaceae,Prevotella,Prevotella_copri
Otu186,Bacteria,Firmicutes,Clostridia,Clostridiales,Clostridiaceae_1,Clostridium_sensu_stricto,unassigned
Otu188,Bacteria,Firmicutes,Clostridia,Clostridiales,Lachnospiraceae,Clostridium_XlVb,unassigned
Otu189,Bacteria,Bacteroidetes,Bacteroidia,Bacteroidales,Prevotellaceae,Prevotella,Prevotella_stercorea
Otu190,Bacteria,Bacteroidetes,Bacteroidia,Bacteroidales,Bacteroidaceae,Bacteroides,Bacteroides_ovatus
Otu191,Bacteria,Firmicutes,Clostridia,Clostridiales,Ruminococcaceae,unassigned,unassigned
Otu193,Bacteria,Firmicutes,Clostridia,Clostridiales,Lachnospiraceae,Roseburia,unassigned
Otu192,Bacteria,Firmicutes,unassigned,unassigned,unassigned,unassigned,unassigned
Otu194,Bacteria,Firmicutes,Clostridia,Clostridiales,Lachnospiraceae,unassigned,unassigned
Otu195,Bacteria,Firmicutes,Clostridia,Clostridiales,Ruminococcaceae,unassigned,unassigned
Otu197,Bacteria,Bacteroidetes,Bacteroidia,Bacteroidales,Prevotellaceae,Prevotella,Prevotella_copri
Otu196,Bacteria,Proteobacteria,Deltaproteobacteria,Desulfovibrionales,Desulfovibrionaceae,Desulfovibrio,Desulfovibrio_piger
Otu198,Bacteria,Firmicutes,Clostridia,Clostridiales,Eubacteriaceae,Eubacterium,Eubacterium_desmolans
Otu199,Bacteria,Firmicutes,Clostridia,Clostridiales,Lachnospiraceae,unassigned,unassigned
Otu200,Bacteria,Bacteroidetes,Bacteroidia,Bacteroidales,Porphyromonadaceae,Parabacteroides,Parabacteroides_distasonis
Otu201,Bacteria,Bacteroidetes,Bacteroidia,Bacteroidales,Prevotellaceae,Prevotella,unassigned
Otu202,Bacteria,Bacteroidetes,Bacteroidia,Bacteroidales,Prevotellaceae,Prevotella,Prevotella_copri
Otu205,Bacteria,Bacteroidetes,Bacteroidia,Bacteroidales,Prevotellaceae,Paraprevotella,Paraprevotella_clara
Otu203,Bacteria,Firmicutes,Clostridia,Clostridiales,Ruminococcaceae,unassigned,unassigned
Otu204,Bacteria,Firmicutes,Clostridia,Clostridiales,Lachnospiraceae,unassigned,unassigned
Otu206,Bacteria,Firmicutes,Negativicutes,Selenomonadales,Veillonellaceae,Megasphaera,unassigned
Otu207,Bacteria,Firmicutes,Clostridia,Clostridiales,Ruminococcaceae,unassigned,unassigned
Otu209,Bacteria,Firmicutes,Clostridia,Clostridiales,Lachnospiraceae,Ruminococcus2,Ruminococcus_faecis
Otu208,Bacteria,Firmicutes,Clostridia,Clostridiales,Ruminococcaceae,unassigned,unassigned
Otu210,Bacteria,Actinobacteria,Actinobacteria,Bifidobacteriales,Bifidobacteriaceae,Bifidobacterium,unassigned
Otu211,Bacteria,Firmicutes,Clostridia,Clostridiales,Lachnospiraceae,Anaerostipes,Eubacterium_hadrum
Otu212,Bacteria,Firmicutes,Clostridia,Clostridiales,Lachnospiraceae,unassigned,unassigned
Otu213,Bacteria,Firmicutes,Clostridia,Clostridiales,Lachnospiraceae,unassigned,unassigned
Otu214,Bacteria,Firmicutes,Clostridia,Clostridiales,Lachnospiraceae,Lachnospiracea_incertae_sedis,Eubacterium_ventriosum
Otu215,Bacteria,Firmicutes,Clostridia,Clostridiales,Ruminococcaceae,Ruminococcus,Ruminococcus_bromii
Otu217,Bacteria,Firmicutes,Clostridia,Clostridiales,Lachnospiraceae,Ruminococcus2,Ruminococcus_lactaris
Otu216,Bacteria,Firmicutes,Clostridia,Clostridiales,Ruminococcaceae,unassigned,unassigned
Otu218,Bacteria,Firmicutes,Clostridia,Clostridiales,Lachnospiraceae,Clostridium_XlVb,Clostridium_colinum
Otu219,Bacteria,Firmicutes,Clostridia,Clostridiales,Ruminococcaceae,Faecalibacterium,Faecalibacterium_prausnitzii
Otu220,Bacteria,Firmicutes,Bacilli,Lactobacillales,Streptococcaceae,Streptococcus,Streptococcus_salivarius_subsp._salivarius
Otu221,Bacteria,Firmicutes,Clostridia,Clostridiales,unassigned,unassigned,unassigned
Otu222,Bacteria,Firmicutes,Clostridia,Clostridiales,Lachnospiraceae,unassigned,unassigned
Otu223,Bacteria,Bacteroidetes,Bacteroidia,Bacteroidales,Prevotellaceae,Prevotella,Prevotella_stercorea
Otu224,Bacteria,Firmicutes,Clostridia,Clostridiales,Ruminococcaceae,Ruminococcus,Ruminococcus_bromii
Otu225,Bacteria,Firmicutes,Clostridia,Clostridiales,Lachnospiraceae,unassigned,unassigned
Otu227,Bacteria,Firmicutes,Clostridia,Clostridiales,Lachnospiraceae,Clostridium_XlVa,unassigned
Otu226,Bacteria,Proteobacteria,Gammaproteobacteria,Enterobacteriales,Enterobacteriaceae,unassigned,unassigned
Otu228,Bacteria,Firmicutes,Clostridia,Clostridiales,Lachnospiraceae,Coprococcus,unassigned
Otu229,Bacteria,unassigned,unassigned,unassigned,unassigned,unassigned,unassigned
Otu231,Bacteria,Bacteroidetes,Bacteroidia,Bacteroidales,Porphyromonadaceae,Odoribacter,Odoribacter_splanchnicus
Otu230,Bacteria,Firmicutes,Clostridia,Clostridiales,unassigned,unassigned,unassigned
Otu232,Bacteria,Firmicutes,Clostridia,Clostridiales,Lachnospiraceae,unassigned,unassigned
Otu233,Bacteria,Firmicutes,Clostridia,Clostridiales,Ruminococcaceae,unassigned,unassigned
Otu235,Bacteria,Firmicutes,Clostridia,Clostridiales,Ruminococcaceae,Faecalibacterium,Faecalibacterium_prausnitzii
Otu234,Bacteria,Firmicutes,Negativicutes,Selenomonadales,Acidaminococcaceae,Phascolarctobacterium,Phascolarctobacterium_succinatutens
Otu236,Bacteria,Proteobacteria,Betaproteobacteria,Burkholderiales,unassigned,unassigned,unassigned
Otu237,Bacteria,Firmicutes,Clostridia,Clostridiales,Lachnospiraceae,Clostridium_XlVa,unassigned
Otu239,Bacteria,Fusobacteria,Fusobacteriia,Fusobacteriales,Fusobacteriaceae,Fusobacterium,unassigned
Otu238,Bacteria,Firmicutes,Clostridia,Clostridiales,Lachnospiraceae,Dorea,Dorea_formicigenerans
Otu240,Bacteria,Bacteroidetes,Bacteroidia,Bacteroidales,Bacteroidaceae,Bacteroides,Bacteroides_clarus
Otu241,Bacteria,Firmicutes,Clostridia,Clostridiales,Ruminococcaceae,Ruminococcus,Ruminococcus_callidus
Otu242,Bacteria,Firmicutes,Clostridia,Clostridiales,Lachnospiraceae,Lachnospiracea_incertae_sedis,unassigned
Otu244,Bacteria,Bacteroidetes,Bacteroidia,Bacteroidales,Rikenellaceae,Alistipes,unassigned
Otu243,Bacteria,Firmicutes,Clostridia,Clostridiales,Lachnospiraceae,Clostridium_XlVb,Clostridium_lactatifermentans
Otu245,Bacteria,Bacteroidetes,Bacteroidia,Bacteroidales,Bacteroidaceae,Bacteroides,Bacteroides_ovatus
Otu246,Bacteria,Firmicutes,Clostridia,Clostridiales,Lachnospiraceae,Blautia,unassigned
Otu247,Bacteria,Firmicutes,Clostridia,Clostridiales,Lachnospiraceae,unassigned,unassigned
Otu248,Bacteria,Firmicutes,Clostridia,Clostridiales,Lachnospiraceae,Clostridium_XlVb,Clostridium_lactatifermentans
Otu249,Bacteria,Firmicutes,Clostridia,Clostridiales,Ruminococcaceae,unassigned,unassigned
Otu250,Bacteria,Bacteroidetes,Bacteroidia,Bacteroidales,Bacteroidaceae,Bacteroides,Bacteroides_coprophilus
Otu251,Bacteria,Firmicutes,Erysipelotrichia,Erysipelotrichales,Erysipelotrichaceae,Holdemanella,Holdemanella_biformis
Otu252,Bacteria,Bacteroidetes,Bacteroidia,Bacteroidales,Rikenellaceae,Alistipes,Alistipes_shahii
Otu255,Bacteria,Bacteroidetes,Bacteroidia,Bacteroidales,Bacteroidaceae,Bacteroides,Bacteroides_massiliensis
Otu254,Bacteria,Firmicutes,Clostridia,Clostridiales,Lachnospiraceae,Blautia,Blautia_luti
Otu256,Bacteria,Proteobacteria,Betaproteobacteria,Burkholderiales,Sutterellaceae,Parasutterella,Parasutterella_excrementihominis
Otu257,Bacteria,Firmicutes,Clostridia,Clostridiales,Lachnospiraceae,Blautia,unassigned
Otu258,Bacteria,Firmicutes,Clostridia,Clostridiales,unassigned,unassigned,unassigned
Otu259,Bacteria,Proteobacteria,Betaproteobacteria,Burkholderiales,unassigned,unassigned,unassigned
Otu260,Bacteria,Firmicutes,Clostridia,Clostridiales,Clostridiaceae_1,Clostridium_sensu_stricto,unassigned
Otu262,Bacteria,Bacteroidetes,Bacteroidia,Bacteroidales,Prevotellaceae,Prevotella,Prevotella_copri
Otu261,Bacteria,Proteobacteria,Betaproteobacteria,Burkholderiales,unassigned,unassigned,unassigned
Otu264,Bacteria,Firmicutes,Negativicutes,Selenomonadales,Acidaminococcaceae,Phascolarctobacterium,Phascolarctobacterium_succinatutens
Otu263,Bacteria,Proteobacteria,Betaproteobacteria,Burkholderiales,unassigned,unassigned,unassigned
Otu265,Bacteria,Firmicutes,Clostridia,Clostridiales,Lachnospiraceae,Clostridium_XlVb,Clostridium_lactatifermentans
Otu266,Bacteria,Firmicutes,Negativicutes,Selenomonadales,Veillonellaceae,Megamonas,Megamonas_funiformis
Otu268,Bacteria,Bacteroidetes,Bacteroidia,Bacteroidales,Bacteroidaceae,Bacteroides,Bacteroides_finegoldii
Otu267,Bacteria,Firmicutes,Clostridia,Clostridiales,Ruminococcaceae,Ruminococcus,Ruminococcus_callidus
Otu269,Bacteria,Bacteroidetes,Bacteroidia,Bacteroidales,Bacteroidaceae,Bacteroides,Bacteroides_finegoldii
Otu270,Bacteria,Bacteroidetes,Bacteroidia,Bacteroidales,Bacteroidaceae,Bacteroides,Bacteroides_salyersiae
Otu271,Bacteria,Bacteroidetes,Bacteroidia,Bacteroidales,Prevotellaceae,Alloprevotella,Alloprevotella_rava
Otu272,Bacteria,Proteobacteria,Betaproteobacteria,Burkholderiales,Sutterellaceae,Parasutterella,Parasutterella_excrementihominis
Otu273,Bacteria,Bacteroidetes,Bacteroidia,Bacteroidales,Prevotellaceae,Prevotella,Prevotella_copri
Otu274,Bacteria,Firmicutes,Clostridia,Clostridiales,Ruminococcaceae,unassigned,unassigned
Otu276,Bacteria,Bacteroidetes,Bacteroidia,Bacteroidales,Prevotellaceae,Prevotella,Prevotella_copri
Otu275,Bacteria,Firmicutes,Negativicutes,Selenomonadales,Veillonellaceae,Veillonella,Veillonella_dispar
Otu277,Bacteria,Proteobacteria,Betaproteobacteria,Burkholderiales,Sutterellaceae,Sutterella,Sutterella_stercoricanis
Otu278,Bacteria,Bacteroidetes,Bacteroidia,Bacteroidales,Porphyromonadaceae,Parabacteroides,Parabacteroides_distasonis
Otu279,Bacteria,Actinobacteria,Actinobacteria,Coriobacteriales,Coriobacteriaceae,Collinsella,Collinsella_intestinalis
Otu280,Bacteria,Firmicutes,Clostridia,Clostridiales,Ruminococcaceae,Ruminococcus,unassigned
Otu281,Bacteria,Firmicutes,Clostridia,Clostridiales,Peptostreptococcaceae,Intestinibacter,Intestinibacter_bartlettii
Otu282,Bacteria,Firmicutes,Clostridia,Clostridiales,Ruminococcaceae,unassigned,unassigned
Otu283,Bacteria,Firmicutes,Clostridia,Clostridiales,Lachnospiraceae,unassigned,unassigned
Otu285,Bacteria,Bacteroidetes,Bacteroidia,Bacteroidales,Bacteroidaceae,Bacteroides,unassigned
Otu288,Bacteria,Bacteroidetes,Bacteroidia,Bacteroidales,Prevotellaceae,Prevotella,Prevotella_copri
Otu289,Bacteria,Bacteroidetes,Bacteroidia,Bacteroidales,Prevotellaceae,Prevotella,Prevotella_copri
Otu287,Bacteria,Firmicutes,Clostridia,Clostridiales,Lachnospiraceae,unassigned,unassigned
Otu290,Bacteria,Bacteroidetes,Bacteroidia,Bacteroidales,Bacteroidaceae,Bacteroides,unassigned
Otu293,Bacteria,Firmicutes,Erysipelotrichia,Erysipelotrichales,Erysipelotrichaceae,Clostridium_XVIII,Clostridium_ramosum
Otu292,Bacteria,Firmicutes,Clostridia,Clostridiales,Lachnospiraceae,unassigned,unassigned
Otu291,Bacteria,Proteobacteria,Gammaproteobacteria,Enterobacteriales,Enterobacteriaceae,unassigned,unassigned
Otu294,Bacteria,Bacteroidetes,Bacteroidia,Bacteroidales,Prevotellaceae,Prevotella,Prevotella_copri
Otu295,Bacteria,Bacteroidetes,Bacteroidia,Bacteroidales,Bacteroidaceae,Bacteroides,Bacteroides_finegoldii
Otu296,Bacteria,Bacteroidetes,Bacteroidia,Bacteroidales,Prevotellaceae,Paraprevotella,Paraprevotella_xylaniphila
Otu297,Bacteria,Bacteroidetes,Bacteroidia,Bacteroidales,Porphyromonadaceae,Parabacteroides,Parabacteroides_goldsteinii
Otu298,Bacteria,Bacteroidetes,Bacteroidia,Bacteroidales,Bacteroidaceae,Bacteroides,unassigned
Otu299,Bacteria,Bacteroidetes,Bacteroidia,Bacteroidales,Porphyromonadaceae,Parabacteroides,Parabacteroides_distasonis
Otu302,Bacteria,Bacteroidetes,Bacteroidia,Bacteroidales,Prevotellaceae,Prevotella,Prevotella_copri
Otu300,Bacteria,Firmicutes,Clostridia,Clostridiales,Lachnospiraceae,Lachnospiracea_incertae_sedis,Eubacterium_hallii
Otu301,Bacteria,Firmicutes,Clostridia,Clostridiales,Ruminococcaceae,unassigned,unassigned
Otu303,Bacteria,Bacteroidetes,Bacteroidia,Bacteroidales,Prevotellaceae,Prevotella,Prevotella_copri
Otu305,Bacteria,Proteobacteria,Alphaproteobacteria,unassigned,unassigned,unassigned,unassigned
Otu306,Bacteria,Firmicutes,Clostridia,Clostridiales,Ruminococcaceae,unassigned,unassigned
Otu307,Bacteria,Firmicutes,Clostridia,Clostridiales,Ruminococcaceae,Ruminococcus,unassigned
Otu308,Bacteria,Firmicutes,Clostridia,Clostridiales,Ruminococcaceae,unassigned,unassigned
Otu310,Bacteria,Firmicutes,unassigned,unassigned,unassigned,unassigned,unassigned
Otu311,Bacteria,Firmicutes,Clostridia,Clostridiales,Ruminococcaceae,unassigned,unassigned
Otu313,Bacteria,Bacteroidetes,Bacteroidia,Bacteroidales,Porphyromonadaceae,Odoribacter,Odoribacter_splanchnicus
Otu314,Bacteria,Firmicutes,Clostridia,Clostridiales,Ruminococcaceae,Ruminococcus,Ruminococcus_bromii
Otu317,Bacteria,Bacteroidetes,Bacteroidia,Bacteroidales,Prevotellaceae,Prevotella,Prevotella_stercorea
Otu315,Bacteria,Firmicutes,Clostridia,Clostridiales,Lachnospiraceae,Clostridium_XlVa,unassigned
Otu316,Bacteria,Proteobacteria,Gammaproteobacteria,Enterobacteriales,Enterobacteriaceae,unassigned,unassigned
Otu319,Bacteria,Firmicutes,Clostridia,Clostridiales,Lachnospiraceae,unassigned,unassigned
Otu320,Bacteria,Firmicutes,Negativicutes,Selenomonadales,Veillonellaceae,Veillonella,Veillonella_dispar
Otu322,Bacteria,Bacteroidetes,Bacteroidia,Bacteroidales,Porphyromonadaceae,Parabacteroides,Parabacteroides_distasonis
Otu321,Bacteria,Proteobacteria,Betaproteobacteria,Burkholderiales,Sutterellaceae,Sutterella,Sutterella_stercoricanis
Otu323,Bacteria,Bacteroidetes,Bacteroidia,Bacteroidales,Rikenellaceae,Alistipes,Alistipes_shahii
Otu324,Bacteria,Firmicutes,Negativicutes,Selenomonadales,Veillonellaceae,Megamonas,Megamonas_funiformis
Otu325,Bacteria,Bacteroidetes,Bacteroidia,Bacteroidales,Bacteroidaceae,Bacteroides,Bacteroides_nordii
Otu326,Bacteria,Bacteroidetes,Bacteroidia,Bacteroidales,Bacteroidaceae,Bacteroides,Bacteroides_caccae
Otu328,Bacteria,Bacteroidetes,Bacteroidia,Bacteroidales,Bacteroidaceae,Bacteroides,unassigned
Otu329,Bacteria,Firmicutes,Clostridia,Clostridiales,Lachnospiraceae,unassigned,unassigned
Otu330,Bacteria,Proteobacteria,Gammaproteobacteria,Enterobacteriales,Enterobacteriaceae,unassigned,unassigned
Otu331,Bacteria,Bacteroidetes,Bacteroidia,Bacteroidales,Bacteroidaceae,Bacteroides,Bacteroides_intestinalis
Otu332,Bacteria,Firmicutes,Negativicutes,Selenomonadales,Acidaminococcaceae,Phascolarctobacterium,Phascolarctobacterium_succinatutens
Otu333,Bacteria,Bacteroidetes,Bacteroidia,Bacteroidales,Prevotellaceae,Prevotella,Prevotella_stercorea
Otu334,Bacteria,Firmicutes,Clostridia,Clostridiales,Ruminococcaceae,Flavonifractor,Flavonifractor_plautii
Otu335,Bacteria,Firmicutes,Clostridia,Clostridiales,Lachnospiraceae,unassigned,unassigned
Otu336,Bacteria,Bacteroidetes,Bacteroidia,Bacteroidales,Prevotellaceae,Alloprevotella,Alloprevotella_rava
Otu337,Bacteria,Bacteroidetes,Bacteroidia,Bacteroidales,Prevotellaceae,Prevotella,Prevotella_stercorea
Otu339,Bacteria,Bacteroidetes,Bacteroidia,Bacteroidales,Prevotellaceae,Alloprevotella,Alloprevotella_rava
Otu338,Bacteria,Firmicutes,Clostridia,Clostridiales,Lachnospiraceae,unassigned,unassigned
Otu340,Bacteria,Firmicutes,Clostridia,Clostridiales,Lachnospiraceae,unassigned,unassigned
Otu341,Bacteria,Proteobacteria,Betaproteobacteria,Burkholderiales,Sutterellaceae,Sutterella,Sutterella_wadsworthensis
Otu342,Bacteria,Firmicutes,Negativicutes,Selenomonadales,Veillonellaceae,Veillonella,unassigned
Otu343,Bacteria,Firmicutes,Clostridia,Clostridiales,Lachnospiraceae,unassigned,unassigned
Otu344,Bacteria,Firmicutes,Negativicutes,Selenomonadales,Acidaminococcaceae,Phascolarctobacterium,Phascolarctobacterium_succinatutens
Otu345,Bacteria,Firmicutes,Clostridia,Clostridiales,Lachnospiraceae,Blautia,unassigned
Otu346,Bacteria,Proteobacteria,Betaproteobacteria,Burkholderiales,Sutterellaceae,Sutterella,Sutterella_parvirubra
Otu347,Bacteria,Firmicutes,Clostridia,Clostridiales,unassigned,unassigned,unassigned
Otu348,Bacteria,Proteobacteria,Gammaproteobacteria,Pasteurellales,Pasteurellaceae,Haemophilus,Haemophilus_parainfluenzae
Otu349,Bacteria,Firmicutes,Clostridia,Clostridiales,Lachnospiraceae,Clostridium_XlVa,unassigned
Otu350,Bacteria,Bacteroidetes,Bacteroidia,Bacteroidales,Prevotellaceae,Alloprevotella,Alloprevotella_rava
Otu352,Bacteria,Bacteroidetes,Bacteroidia,Bacteroidales,Prevotellaceae,Paraprevotella,Paraprevotella_clara
Otu353,Bacteria,Firmicutes,Clostridia,Clostridiales,Lachnospiraceae,unassigned,unassigned
Otu354,Bacteria,Firmicutes,Clostridia,Clostridiales,Eubacteriaceae,Eubacterium,Eubacterium_coprostanoligenes
Otu355,Bacteria,Firmicutes,Clostridia,Clostridiales,Lachnospiraceae,unassigned,unassigned
Otu356,Bacteria,Firmicutes,Clostridia,Clostridiales,Lachnospiraceae,Blautia,unassigned
Otu357,Bacteria,Firmicutes,Clostridia,Clostridiales,Lachnospiraceae,unassigned,unassigned
Otu358,Bacteria,Firmicutes,Clostridia,Clostridiales,Ruminococcaceae,Ruminococcus,Ruminococcus_callidus
Otu359,Bacteria,Firmicutes,Erysipelotrichia,Erysipelotrichales,Erysipelotrichaceae,Catenibacterium,Catenibacterium_mitsuokai
Otu360,Bacteria,Bacteroidetes,Bacteroidia,Bacteroidales,Porphyromonadaceae,Butyricimonas,Butyricimonas_virosa
Otu362,Bacteria,Bacteroidetes,Bacteroidia,Bacteroidales,Rikenellaceae,Alistipes,unassigned
Otu361,Bacteria,Bacteroidetes,Bacteroidia,Bacteroidales,Porphyromonadaceae,Barnesiella,Barnesiella_intestinihominis
Otu363,Bacteria,Firmicutes,Clostridia,Clostridiales,Lachnospiraceae,Clostridium_XlVa,Clostridium_aldenense
Otu364,Bacteria,Proteobacteria,Gammaproteobacteria,Enterobacteriales,Enterobacteriaceae,unassigned,unassigned
Otu366,Bacteria,Bacteroidetes,Bacteroidia,Bacteroidales,Bacteroidaceae,Bacteroides,unassigned
Otu365,Bacteria,Firmicutes,Clostridia,Clostridiales,unassigned,unassigned,unassigned
Otu367,Bacteria,Firmicutes,Clostridia,Clostridiales,Clostridiaceae_1,Clostridium_sensu_stricto,unassigned
Otu368,Bacteria,Firmicutes,Clostridia,Clostridiales,Lachnospiraceae,unassigned,unassigned
Otu369,Bacteria,Firmicutes,Clostridia,Clostridiales,Ruminococcaceae,unassigned,unassigned
Otu370,Bacteria,Firmicutes,Clostridia,Clostridiales,Lachnospiraceae,unassigned,unassigned
Otu371,Bacteria,Bacteroidetes,Bacteroidia,Bacteroidales,Porphyromonadaceae,Parabacteroides,Parabacteroides_distasonis
Otu372,Bacteria,Firmicutes,Clostridia,Clostridiales,Ruminococcaceae,Oscillibacter,unassigned
Otu373,Bacteria,Bacteroidetes,Bacteroidia,Bacteroidales,Prevotellaceae,Prevotella,unassigned
Otu374,Bacteria,Firmicutes,Clostridia,Clostridiales,Ruminococcaceae,Ruminococcus,Ruminococcus_bromii
Otu377,Bacteria,Bacteroidetes,Bacteroidia,Bacteroidales,Porphyromonadaceae,Parabacteroides,Parabacteroides_distasonis
Otu376,Bacteria,Firmicutes,Clostridia,Clostridiales,unassigned,unassigned,unassigned
Otu378,Bacteria,Firmicutes,Clostridia,Clostridiales,Ruminococcaceae,unassigned,unassigned
Otu379,Bacteria,Actinobacteria,Actinobacteria,Coriobacteriales,Coriobacteriaceae,Collinsella,unassigned
Otu380,Bacteria,Firmicutes,Clostridia,Clostridiales,Lachnospiraceae,Clostridium_XlVa,Clostridium_lavalense
Otu382,Bacteria,Firmicutes,Clostridia,Clostridiales,Lachnospiraceae,Anaerostipes,Eubacterium_hadrum
Otu383,Bacteria,Bacteroidetes,Bacteroidia,Bacteroidales,Prevotellaceae,Prevotella,unassigned
Otu384,Bacteria,Proteobacteria,Betaproteobacteria,Burkholderiales,Sutterellaceae,Parasutterella,Parasutterella_secunda
Otu385,Bacteria,Firmicutes,Clostridia,Clostridiales,Lachnospiraceae,unassigned,unassigned
Otu388,Bacteria,Bacteroidetes,Bacteroidia,Bacteroidales,Porphyromonadaceae,Parabacteroides,Parabacteroides_distasonis
Otu389,Bacteria,Firmicutes,Clostridia,Clostridiales,unassigned,unassigned,unassigned
Otu392,Bacteria,Bacteroidetes,Bacteroidia,Bacteroidales,Prevotellaceae,Prevotella,Prevotella_stercorea
Otu393,Bacteria,Firmicutes,Clostridia,Clostridiales,Ruminococcaceae,Oscillibacter,unassigned
Otu396,Bacteria,Firmicutes,Clostridia,Clostridiales,Lachnospiraceae,unassigned,unassigned
Otu397,Bacteria,Bacteroidetes,Bacteroidia,Bacteroidales,Porphyromonadaceae,Parabacteroides,Parabacteroides_distasonis
Otu398,Bacteria,Bacteroidetes,Bacteroidia,Bacteroidales,Prevotellaceae,Prevotella,Prevotella_copri
Otu401,Bacteria,Bacteroidetes,Bacteroidia,Bacteroidales,Porphyromonadaceae,Parabacteroides,Parabacteroides_distasonis
Otu400,Bacteria,Firmicutes,Clostridia,Clostridiales,Lachnospiraceae,Lachnospiracea_incertae_sedis,Eubacterium_hallii
Otu405,Bacteria,Bacteroidetes,Bacteroidia,Bacteroidales,Prevotellaceae,Paraprevotella,Paraprevotella_clara
Otu406,Bacteria,Firmicutes,unassigned,unassigned,unassigned,unassigned,unassigned
Otu408,Bacteria,Firmicutes,Clostridia,Clostridiales,Ruminococcaceae,Clostridium_IV,unassigned
Otu410,Bacteria,Bacteroidetes,Bacteroidia,Bacteroidales,Prevotellaceae,Prevotella,Prevotella_stercorea
Otu411,Bacteria,Firmicutes,Clostridia,Clostridiales,Ruminococcaceae,unassigned,unassigned
Otu413,Bacteria,Firmicutes,Clostridia,Clostridiales,Lachnospiraceae,unassigned,unassigned
Otu414,Bacteria,Firmicutes,Clostridia,Clostridiales,Lachnospiraceae,Blautia,Blautia_luti
Otu415,Bacteria,Firmicutes,Clostridia,Clostridiales,unassigned,unassigned,unassigned
Otu416,Bacteria,Bacteroidetes,Bacteroidia,Bacteroidales,Porphyromonadaceae,Parabacteroides,Parabacteroides_distasonis
Otu417,Bacteria,Firmicutes,Clostridia,Clostridiales,Ruminococcaceae,Ruminococcus,Ruminococcus_albus
Otu419,Bacteria,Firmicutes,Clostridia,Clostridiales,Ruminococcaceae,unassigned,unassigned
Otu420,Bacteria,Firmicutes,Clostridia,Clostridiales,Ruminococcaceae,Oscillibacter,unassigned
Otu421,Bacteria,Firmicutes,Clostridia,Clostridiales,Ruminococcaceae,Ruminococcus,Ruminococcus_champanellensis
Otu422,Bacteria,Firmicutes,Clostridia,Clostridiales,Lachnospiraceae,Clostridium_XlVa,unassigned
Otu424,Bacteria,Firmicutes,Clostridia,Clostridiales,Ruminococcaceae,unassigned,unassigned
Otu425,Bacteria,Firmicutes,Clostridia,Clostridiales,Eubacteriaceae,Eubacterium,Eubacterium_desmolans
Otu426,Bacteria,Firmicutes,Clostridia,Clostridiales,Ruminococcaceae,Oscillibacter,unassigned
Otu428,Bacteria,Bacteroidetes,Bacteroidia,Bacteroidales,Prevotellaceae,Prevotella,Prevotella_copri
Otu427,Bacteria,Synergistetes,Synergistia,Synergistales,Synergistaceae,Pyramidobacter,Pyramidobacter_piscolens
Otu429,Bacteria,Bacteroidetes,Bacteroidia,Bacteroidales,Rikenellaceae,Alistipes,Alistipes_finegoldii
Otu430,Bacteria,Firmicutes,Clostridia,Clostridiales,unassigned,unassigned,unassigned
Otu433,Bacteria,Firmicutes,Clostridia,Clostridiales,Ruminococcaceae,Ruminococcus,Ruminococcus_bromii
Otu434,Bacteria,Proteobacteria,Gammaproteobacteria,Enterobacteriales,Enterobacteriaceae,unassigned,unassigned
Otu435,Bacteria,Firmicutes,Clostridia,Clostridiales,Clostridiaceae_1,Clostridium_sensu_stricto,Clostridium_paraputrificum
Otu436,Bacteria,Firmicutes,Clostridia,Clostridiales,Ruminococcaceae,Ruminococcus,Ruminococcus_bromii
Otu439,Bacteria,Bacteroidetes,Bacteroidia,Bacteroidales,Prevotellaceae,Alloprevotella,Alloprevotella_rava
Otu438,Bacteria,Firmicutes,Clostridia,Clostridiales,Ruminococcaceae,unassigned,unassigned
Otu442,Bacteria,Bacteroidetes,Bacteroidia,Bacteroidales,Prevotellaceae,unassigned,unassigned
Otu443,Bacteria,Firmicutes,Clostridia,Clostridiales,Ruminococcaceae,Clostridium_IV,Clostridium_leptum
Otu444,Bacteria,Firmicutes,Clostridia,Clostridiales,Lachnospiraceae,unassigned,unassigned
Otu445,Bacteria,Firmicutes,Negativicutes,Selenomonadales,Acidaminococcaceae,Phascolarctobacterium,Phascolarctobacterium_succinatutens
Otu447,Bacteria,Firmicutes,Clostridia,Clostridiales,Lachnospiraceae,unassigned,unassigned
Otu448,Bacteria,Proteobacteria,Betaproteobacteria,Burkholderiales,Sutterellaceae,Parasutterella,Parasutterella_excrementihominis
Otu449,Bacteria,Bacteroidetes,Bacteroidia,Bacteroidales,Bacteroidaceae,Bacteroides,unassigned
Otu450,Bacteria,Firmicutes,Clostridia,Clostridiales,Lachnospiraceae,unassigned,unassigned
Otu451,Bacteria,Bacteroidetes,Bacteroidia,Bacteroidales,Porphyromonadaceae,Barnesiella,Barnesiella_intestinihominis
Otu452,Bacteria,Proteobacteria,Alphaproteobacteria,unassigned,unassigned,unassigned,unassigned
Otu453,Bacteria,Firmicutes,Clostridia,Clostridiales,Ruminococcaceae,Gemmiger,Gemmiger_formicilis
Otu454,Bacteria,Firmicutes,Clostridia,Clostridiales,Ruminococcaceae,Flavonifractor,Flavonifractor_plautii
Otu456,Bacteria,Firmicutes,Clostridia,Clostridiales,Lachnospiraceae,unassigned,unassigned
Otu457,Bacteria,Bacteroidetes,Bacteroidia,Bacteroidales,Prevotellaceae,Alloprevotella,Alloprevotella_rava
Otu460,Bacteria,Firmicutes,Clostridia,Clostridiales,Ruminococcaceae,Clostridium_IV,Eubacterium_siraeum
Otu459,Bacteria,Firmicutes,Clostridia,Clostridiales,unassigned,unassigned,unassigned
Otu462,Bacteria,Bacteroidetes,Bacteroidia,Bacteroidales,Bacteroidaceae,Bacteroides,Bacteroides_ovatus
Otu463,Bacteria,Proteobacteria,Betaproteobacteria,Burkholderiales,unassigned,unassigned,unassigned
Otu464,Bacteria,Firmicutes,Clostridia,Clostridiales,Lachnospiraceae,Coprococcus,Coprococcus_eutactus
Otu466,Bacteria,Bacteroidetes,Bacteroidia,Bacteroidales,Porphyromonadaceae,Parabacteroides,Parabacteroides_distasonis
Otu469,Bacteria,Firmicutes,Clostridia,Clostridiales,unassigned,unassigned,unassigned
Otu470,Bacteria,Firmicutes,Clostridia,Clostridiales,Lachnospiraceae,Lachnospiracea_incertae_sedis,Eubacterium_ventriosum
Otu473,Bacteria,Firmicutes,Clostridia,Clostridiales,unassigned,unassigned,unassigned
Otu475,Bacteria,Firmicutes,Clostridia,Clostridiales,unassigned,unassigned,unassigned
Otu476,Bacteria,Firmicutes,Clostridia,Clostridiales,Lachnospiraceae,Eisenbergiella,Eisenbergiella_tayi
Otu477,Bacteria,Firmicutes,Clostridia,Clostridiales,Lachnospiraceae,unassigned,unassigned
Otu479,Bacteria,Bacteroidetes,Bacteroidia,Bacteroidales,Prevotellaceae,Prevotella,Prevotella_stercorea
Otu481,Bacteria,Bacteroidetes,Bacteroidia,Bacteroidales,Prevotellaceae,Prevotella,Prevotella_stercorea
Otu482,Bacteria,Firmicutes,Clostridia,Clostridiales,unassigned,unassigned,unassigned
Otu484,Bacteria,Bacteroidetes,Bacteroidia,Bacteroidales,Prevotellaceae,Prevotella,Prevotella_stercorea
Otu485,Bacteria,Bacteroidetes,Bacteroidia,Bacteroidales,Porphyromonadaceae,Barnesiella,Barnesiella_intestinihominis
Otu486,Bacteria,Bacteroidetes,Bacteroidia,Bacteroidales,Bacteroidaceae,Bacteroides,unassigned
Otu487,Bacteria,Firmicutes,Clostridia,Clostridiales,unassigned,unassigned,unassigned
Otu488,Bacteria,Firmicutes,Clostridia,Clostridiales,Lachnospiraceae,Blautia,unassigned
Otu491,Bacteria,Firmicutes,Clostridia,Clostridiales,Lachnospiraceae,unassigned,unassigned
Otu492,Bacteria,Firmicutes,Clostridia,Clostridiales,Lachnospiraceae,unassigned,unassigned
Otu494,Bacteria,Firmicutes,Bacilli,Lactobacillales,Streptococcaceae,Streptococcus,unassigned
Otu496,Bacteria,Firmicutes,Clostridia,Clostridiales,Lachnospiraceae,Clostridium_XlVa,Hungatella_hathewayi
Otu497,Bacteria,Firmicutes,Clostridia,Clostridiales,Ruminococcaceae,unassigned,unassigned
Otu499,Bacteria,Firmicutes,Clostridia,Clostridiales,Lachnospiraceae,Clostridium_XlVa,Clostridium_glycyrrhizinilyticum
Otu500,Bacteria,Firmicutes,Clostridia,Clostridiales,Lachnospiraceae,unassigned,unassigned
Otu501,Bacteria,Firmicutes,Clostridia,Clostridiales,Lachnospiraceae,Clostridium_XlVb,Clostridium_lactatifermentans
Otu504,Bacteria,Firmicutes,Clostridia,Clostridiales,Lachnospiraceae,unassigned,unassigned
Otu508,Bacteria,Firmicutes,Clostridia,Clostridiales,Ruminococcaceae,unassigned,unassigned
Otu510,Bacteria,Firmicutes,Clostridia,Clostridiales,unassigned,unassigned,unassigned
Otu511,Bacteria,Firmicutes,Negativicutes,Selenomonadales,Veillonellaceae,Dialister,Dialister_pneumosintes
Otu513,Bacteria,Firmicutes,Clostridia,Clostridiales,Lachnospiraceae,Clostridium_XlVa,Clostridium_scindens
Otu512,Bacteria,Firmicutes,Clostridia,Clostridiales,Ruminococcaceae,unassigned,unassigned
Otu517,Bacteria,Firmicutes,Clostridia,Clostridiales,Clostridiaceae_1,Clostridium_sensu_stricto,unassigned
Otu520,Bacteria,Bacteroidetes,Bacteroidia,Bacteroidales,Bacteroidaceae,Bacteroides,Bacteroides_nordii
Otu522,Bacteria,Firmicutes,Clostridia,Clostridiales,Ruminococcaceae,Anaerotruncus,Anaerotruncus_colihominis
Otu523,Bacteria,Firmicutes,Clostridia,Clostridiales,Lachnospiraceae,unassigned,unassigned
Otu524,Bacteria,Firmicutes,Clostridia,Clostridiales,Ruminococcaceae,Oscillibacter,unassigned
Otu525,Bacteria,Bacteroidetes,Bacteroidia,Bacteroidales,Prevotellaceae,Paraprevotella,Paraprevotella_clara
Otu527,Bacteria,Fusobacteria,Fusobacteriia,Fusobacteriales,Fusobacteriaceae,Fusobacterium,unassigned
Otu528,Bacteria,Firmicutes,Clostridia,Clostridiales,Lachnospiraceae,Clostridium_XlVa,Clostridium_aldenense
Otu529,Bacteria,Firmicutes,Clostridia,Clostridiales,Lachnospiraceae,unassigned,unassigned
Otu532,Bacteria,Bacteroidetes,Bacteroidia,Bacteroidales,Bacteroidaceae,Bacteroides,unassigned
Otu533,Bacteria,Firmicutes,Clostridia,Clostridiales,Lachnospiraceae,Coprococcus,Coprococcus_eutactus
Otu535,Bacteria,Firmicutes,Negativicutes,Selenomonadales,Acidaminococcaceae,unassigned,unassigned
Otu537,Bacteria,Firmicutes,Clostridia,Clostridiales,Ruminococcaceae,unassigned,unassigned
Otu538,Bacteria,Bacteroidetes,Bacteroidia,Bacteroidales,Prevotellaceae,Paraprevotella,Paraprevotella_clara
Otu539,Bacteria,Firmicutes,Clostridia,Clostridiales,Lachnospiraceae,unassigned,unassigned
Otu544,Bacteria,Firmicutes,Clostridia,Clostridiales,Lachnospiraceae,unassigned,unassigned
Otu553,Bacteria,Bacteroidetes,Bacteroidia,Bacteroidales,Porphyromonadaceae,Barnesiella,Barnesiella_intestinihominis
Otu551,Bacteria,Firmicutes,Negativicutes,Selenomonadales,Veillonellaceae,Dialister,Dialister_succinatiphilus
Otu552,Bacteria,Proteobacteria,Gammaproteobacteria,Enterobacteriales,Enterobacteriaceae,unassigned,unassigned
Otu554,Bacteria,Bacteroidetes,Bacteroidia,Bacteroidales,Porphyromonadaceae,Parabacteroides,Parabacteroides_distasonis
Otu555,Bacteria,Bacteroidetes,Bacteroidia,Bacteroidales,Bacteroidaceae,Bacteroides,Bacteroides_finegoldii
Otu556,Bacteria,Firmicutes,Erysipelotrichia,Erysipelotrichales,Erysipelotrichaceae,Turicibacter,Turicibacter_sanguinis
Otu558,Bacteria,Firmicutes,Clostridia,Clostridiales,Lachnospiraceae,Eisenbergiella,Eisenbergiella_tayi
Otu559,Bacteria,Firmicutes,Clostridia,Clostridiales,Eubacteriaceae,Eubacterium,Eubacterium_desmolans
Otu566,Bacteria,Firmicutes,Clostridia,Clostridiales,Lachnospiraceae,Blautia,Blautia_stercoris
Otu567,Bacteria,Proteobacteria,Deltaproteobacteria,Desulfovibrionales,Desulfovibrionaceae,Desulfovibrio,unassigned
Otu570,Bacteria,Firmicutes,Clostridia,Clostridiales,unassigned,unassigned,unassigned
Otu572,Bacteria,Proteobacteria,Betaproteobacteria,unassigned,unassigned,unassigned,unassigned
Otu573,Bacteria,Firmicutes,Clostridia,Clostridiales,Lachnospiraceae,Anaerostipes,Eubacterium_hadrum
Otu575,Bacteria,Firmicutes,Negativicutes,Selenomonadales,Veillonellaceae,Veillonella,unassigned
Otu577,Bacteria,Firmicutes,Clostridia,Clostridiales,Peptostreptococcaceae,unassigned,unassigned
Otu578,Bacteria,Bacteroidetes,Bacteroidia,Bacteroidales,Prevotellaceae,Paraprevotella,Paraprevotella_clara
Otu579,Bacteria,Firmicutes,Clostridia,Clostridiales,Lachnospiraceae,Blautia,Blautia_stercoris
Otu580,Bacteria,Firmicutes,Clostridia,Clostridiales,unassigned,unassigned,unassigned
Otu583,Bacteria,Firmicutes,Clostridia,Clostridiales,Ruminococcaceae,Ruminococcus,unassigned
Otu587,Bacteria,Firmicutes,Erysipelotrichia,Erysipelotrichales,Erysipelotrichaceae,Holdemanella,Holdemanella_biformis
Otu589,Bacteria,Bacteroidetes,Bacteroidia,Bacteroidales,Prevotellaceae,Paraprevotella,Paraprevotella_clara
Otu588,Bacteria,Firmicutes,Clostridia,Clostridiales,Ruminococcaceae,Ruminococcus,Ruminococcus_flavefaciens
Otu596,Bacteria,Proteobacteria,Deltaproteobacteria,Desulfovibrionales,Desulfovibrionaceae,Desulfovibrio,Desulfovibrio_piger
Otu601,Bacteria,Firmicutes,Clostridia,Clostridiales,Ruminococcaceae,unassigned,unassigned
Otu605,Bacteria,Firmicutes,Clostridia,Clostridiales,Lachnospiraceae,unassigned,unassigned
Otu614,Bacteria,Firmicutes,Clostridia,Clostridiales,Ruminococcaceae,Ruminococcus,Ruminococcus_bromii
Otu615,Bacteria,Firmicutes,Clostridia,Clostridiales,Ruminococcaceae,unassigned,unassigned
Otu618,Bacteria,Bacteroidetes,Bacteroidia,Bacteroidales,Bacteroidaceae,Bacteroides,Bacteroides_intestinalis
Otu619,Bacteria,Bacteroidetes,Bacteroidia,Bacteroidales,Bacteroidaceae,Bacteroides,unassigned
Otu620,Bacteria,Bacteroidetes,Bacteroidia,Bacteroidales,Prevotellaceae,Prevotella,Prevotella_stercorea
Otu622,Bacteria,Firmicutes,Clostridia,Clostridiales,Lachnospiraceae,Blautia,unassigned
Otu624,Bacteria,Bacteroidetes,Bacteroidia,Bacteroidales,Bacteroidaceae,Bacteroides,unassigned
Otu623,Bacteria,Firmicutes,Clostridia,Clostridiales,Lachnospiraceae,unassigned,unassigned
Otu628,Bacteria,Firmicutes,Clostridia,Clostridiales,Lachnospiraceae,Anaerostipes,Eubacterium_hadrum
Otu631,Bacteria,Bacteroidetes,Bacteroidia,Bacteroidales,Bacteroidaceae,Bacteroides,Bacteroides_ovatus
Otu633,Bacteria,Firmicutes,Clostridia,Clostridiales,Ruminococcaceae,unassigned,unassigned
Otu634,Bacteria,Firmicutes,Clostridia,Clostridiales,Ruminococcaceae,unassigned,unassigned
Otu635,Bacteria,Firmicutes,Clostridia,Clostridiales,Lachnospiraceae,unassigned,unassigned
Otu636,Bacteria,unassigned,unassigned,unassigned,unassigned,unassigned,unassigned
Otu644,Bacteria,Firmicutes,Clostridia,Clostridiales,Lachnospiraceae,unassigned,unassigned
Otu646,Bacteria,Bacteroidetes,Bacteroidia,Bacteroidales,unassigned,unassigned,unassigned
Otu658,Bacteria,Firmicutes,Clostridia,Clostridiales,Lachnospiraceae,Clostridium_XlVb,Clostridium_lactatifermentans
Otu661,Bacteria,Bacteroidetes,Bacteroidia,Bacteroidales,unassigned,unassigned,unassigned
Otu667,Bacteria,Bacteroidetes,Bacteroidia,Bacteroidales,Prevotellaceae,Prevotella,Prevotella_copri
Otu693,Bacteria,Firmicutes,Clostridia,Clostridiales,Lachnospiraceae,unassigned,unassigned
Otu694,Bacteria,Bacteroidetes,Bacteroidia,Bacteroidales,unassigned,unassigned,unassigned
Otu714,Bacteria,Firmicutes,Clostridia,Clostridiales,Lachnospiraceae,Coprococcus,Coprococcus_comes
Otu715,Bacteria,Firmicutes,Clostridia,Clostridiales,Lachnospiraceae,unassigned,unassigned
Otu726,Bacteria,Firmicutes,Clostridia,Clostridiales,Ruminococcaceae,Ruminococcus,unassigned
Otu730,Bacteria,Bacteroidetes,Bacteroidia,Bacteroidales,Prevotellaceae,Prevotella,Prevotella_copri
Otu1117,Bacteria,Bacteroidetes,Bacteroidia,Bacteroidales,Bacteroidaceae,Bacteroides,unassigned
Otu1444,Bacteria,Bacteroidetes,Bacteroidia,Bacteroidales,Bacteroidaceae,Bacteroides,unassigned
Otu1606,Bacteria,Bacteroidetes,Bacteroidia,Bacteroidales,Prevotellaceae,Prevotella,Prevotella_copri
Otu1651,Bacteria,Bacteroidetes,Bacteroidia,Bacteroidales,Bacteroidaceae,Bacteroides,Bacteroides_plebeius
Otu1674,Bacteria,Bacteroidetes,Bacteroidia,Bacteroidales,Bacteroidaceae,Bacteroides,Bacteroides_massiliensis
Otu1783,Bacteria,Bacteroidetes,Bacteroidia,Bacteroidales,Bacteroidaceae,Bacteroides,unassigned
Otu1959,Bacteria,Bacteroidetes,Bacteroidia,Bacteroidales,Bacteroidaceae,Bacteroides,Bacteroides_massiliensis
Otu1964,Bacteria,Bacteroidetes,Bacteroidia,Bacteroidales,Bacteroidaceae,Bacteroides,unassigned
Otu1979,Bacteria,Bacteroidetes,Bacteroidia,Bacteroidales,Bacteroidaceae,Bacteroides,unassigned
Otu2089,Bacteria,Bacteroidetes,Bacteroidia,Bacteroidales,Bacteroidaceae,Bacteroides,unassigned
Otu2218,Bacteria,Bacteroidetes,Bacteroidia,Bacteroidales,Bacteroidaceae,Bacteroides,unassigned
Otu2236,Bacteria,Bacteroidetes,Bacteroidia,Bacteroidales,Bacteroidaceae,Bacteroides,unassigned
Otu2255,Bacteria,Bacteroidetes,Bacteroidia,Bacteroidales,Bacteroidaceae,Bacteroides,unassigned
Otu2285,Bacteria,Bacteroidetes,Bacteroidia,Bacteroidales,Bacteroidaceae,Bacteroides,unassigned
Otu2350,Bacteria,Bacteroidetes,Bacteroidia,Bacteroidales,Bacteroidaceae,Bacteroides,unassigned
Otu2524,Bacteria,Bacteroidetes,Bacteroidia,Bacteroidales,Bacteroidaceae,Bacteroides,Bacteroides_xylanisolvens
Otu2748,Bacteria,Bacteroidetes,Bacteroidia,Bacteroidales,Bacteroidaceae,Bacteroides,unassigned
Otu3025,Bacteria,Bacteroidetes,Bacteroidia,Bacteroidales,Prevotellaceae,Prevotella,unassigned
Otu3026,Bacteria,Bacteroidetes,Bacteroidia,Bacteroidales,Bacteroidaceae,Bacteroides,unassigned
Otu3038,Bacteria,Bacteroidetes,Bacteroidia,Bacteroidales,Prevotellaceae,Prevotella,unassigned
Otu3189,Bacteria,Bacteroidetes,Bacteroidia,Bacteroidales,Bacteroidaceae,Bacteroides,unassigned
Otu3452,Bacteria,Bacteroidetes,Bacteroidia,Bacteroidales,Bacteroidaceae,Bacteroides,Bacteroides_plebeius
Otu3535,Bacteria,Bacteroidetes,Bacteroidia,Bacteroidales,Bacteroidaceae,Bacteroides,unassigned
Otu3559,Bacteria,Bacteroidetes,Bacteroidia,Bacteroidales,Bacteroidaceae,Bacteroides,Bacteroides_finegoldii
Otu3706,Bacteria,Bacteroidetes,Bacteroidia,Bacteroidales,Bacteroidaceae,Bacteroides,unassigned
Otu3847,Bacteria,Bacteroidetes,Bacteroidia,Bacteroidales,Bacteroidaceae,Bacteroides,unassigned
Otu3878,Bacteria,Bacteroidetes,Bacteroidia,Bacteroidales,Bacteroidaceae,Bacteroides,Bacteroides_plebeius
Otu4579,Bacteria,Bacteroidetes,Bacteroidia,Bacteroidales,Bacteroidaceae,Bacteroides,unassigned
Otu4584,Bacteria,Bacteroidetes,Bacteroidia,Bacteroidales,Bacteroidaceae,Bacteroides,unassigned
Otu5223,Bacteria,Firmicutes,Clostridia,Clostridiales,Lachnospiraceae,unassigned,unassigned
Otu5262,Bacteria,Bacteroidetes,Bacteroidia,Bacteroidales,Bacteroidaceae,Bacteroides,unassigned
Otu5428,Bacteria,Bacteroidetes,Bacteroidia,Bacteroidales,Bacteroidaceae,Bacteroides,unassigned
Otu5563,Bacteria,Bacteroidetes,Bacteroidia,Bacteroidales,Bacteroidaceae,Bacteroides,unassigned
Otu5571,Bacteria,Bacteroidetes,Bacteroidia,Bacteroidales,Bacteroidaceae,Bacteroides,unassigned
Otu5737,Bacteria,Bacteroidetes,Bacteroidia,Bacteroidales,Bacteroidaceae,Bacteroides,unassigned
Otu5767,Bacteria,Bacteroidetes,Bacteroidia,Bacteroidales,Bacteroidaceae,Bacteroides,unassigned
Otu6392,Bacteria,Firmicutes,Clostridia,Clostridiales,Ruminococcaceae,Faecalibacterium,Faecalibacterium_prausnitzii
Otu617,Bacteria,Firmicutes,Clostridia,Clostridiales,Lachnospiraceae,Clostridium_XlVb,Clostridium_lactatifermentans
